Workbook

Sheet Inputs
A1: ورودی‌های مدل تخمین هزینه
A3: تعداد کلاینت‌های فعال (شرکت‌ها/اشخاصی که پرونده مالیاتی‌شان رسیدگی می‌شود) | B3: 2000
A4: میانگین حجم فایل‌های مالیاتی هر کلاینت در سال (مگابایت) | B4: 50
A5: میانگین تعداد آپلود (PUT) در سال به ازای هر کلاینت | B5: 15
A6: میانگین تعداد دانلود (GET) در سال به ازای هر کلاینت | B6: 25
A7: تعداد کلید/Scope رمزنگاری اختصاصی مورد نیاز (Customer-Managed Key) | B7: 1
A8: نرخ تبدیل دلار آمریکا به دلار کانادا (USD→CAD) | B8: 1.4
A10: راهنما: فقط سلول‌های زرد رنگ (B3 تا B8) را برای سناریوهای مختلف تغییر دهید.

Sheet Cost Comparison
A1: مقایسه هزینه سالانه: AWS در برابر Azure (ریجن کانادا)
A3: شاخص | B3: AWS (USD) | C3: Azure (USD)
A4: حجم کل ذخیره‌سازی (گیگابایت در سال) | B4: =Inputs!B3*Inputs!B4/1024 -> 97.65625 | C4: =B4 -> 97.65625
A5: تعداد کل درخواست‌های آپلود (PUT/Write) در سال | B5: =Inputs!B3*Inputs!B5 -> 30000 | C5: =B5 -> 30000
A6: تعداد کل درخواست‌های دانلود (GET/Read) در سال | B6: =Inputs!B3*Inputs!B6 -> 50000 | C6: =B6 -> 50000
A8: نرخ‌های واحد (بر اساس نرخ‌های عمومی رسمی - Hot/Standard tier، ریجن Canada Central)
A9: نرخ ذخیره‌سازی ($ به ازای هر گیگابایت در ماه) | B9: 0.023 | C9: 0.02
A10: نرخ هر درخواست PUT/Write ($) | B10: =0.005/1000 -> 5e-06 | C10: =0.055/10000 -> 5.5e-06
A11: نرخ هر درخواست GET/Read ($) | B11: =0.0004/1000 -> 4e-07 | C11: =0.0044/10000 -> 4.4e-07
A13: هزینه‌های سالانه محاسبه‌شده
A14: هزینه سالانه ذخیره‌سازی (= حجم × نرخ × 12 ماه) | B14: =B4*B9*12 -> 26.953125 | C14: =C4*C9*12 -> 23.4375
A15: هزینه سالانه درخواست‌های PUT/Write | B15: =B5*B10 -> 0.15 | C15: =C5*C10 -> 0.165
A16: هزینه سالانه درخواست‌های GET/Read | B16: =B6*B11 -> 0.02 | C16: =C6*C11 -> 0.022
A17: هزینه سالانه مدیریت کلید رمزنگاری (KMS / Key Vault، ~1$ در ماه هر کلید) | B17: =Inputs!B7*12*1 -> 12 | C17: =Inputs!B7*12*1 -> 12
A19: جمع کل هزینه سالانه (USD) | B19: =SUM(B14:B17) -> 39.123125 | C19: =SUM(C14:C17) -> 35.6245
A20: جمع کل هزینه سالانه (تخمین به CAD) | B20: =B19*Inputs!B8 -> 54.772375 | C20: =C19*Inputs!B8 -> 49.8743
A22: یادداشت‌ها و منابع:
A23: 1) این مدل بر اساس نرخ‌های لیست عمومی (List Price) AWS و Azure برای ریجن کانادا (Canada Central) در سپتامبر 2026 است؛ نرخ‌ها به مرور تغییر می‌کنند.
A24: 2) فرض شده تمام فایل‌ها در Tier گرم (S3 Standard / Azure Hot) نگهداری می‌شوند چون در طول رسیدگی مالیاتی به‌طور مرتب خوانده می‌شوند. اگر بخشی از فایل‌ها بعد از پایان رسیدگی به Cool/Archive منتقل شوند، هزینه ذخیره‌سازی کاهش می‌یابد اما با محدودیت حداقل دوره نگهداری (Cool: 30 روز، Cold: 90 روز، Archive: 180 روز).
A25: 3) هزینه انتقال داده به بیرون (Egress) و هزینه‌های احتمالی SSO/Directory Service (مثل Azure AD) در این مدل لحاظ نشده و باید جداگانه بررسی شود.
A26: 4) پیش از ارائه رسمی به کارفرما، حتماً این اعداد را با AWS Pricing Calculator (calculator.aws) و Azure Pricing Calculator (azure.microsoft.com/pricing/calculator) تایید کنید.
A27: 5) فاز توسعه (Development) هر دو ارائه‌دهنده اعتبار/سطح رایگان دارند که معمولاً هزینه این فاز را صفر یا نزدیک به صفر می‌کند (به بخش گفتگو مراجعه شود).
